[{"model": "admin.logentry", "pk": 1, "fields": {"action_time": "2024-05-02T19:18:46.066Z", "user": 2, "content_type": 4, "object_id": "3", "object_repr": "helen", "action_flag": 1, "change_message": "[{\"added\": {}}]"}}, {"model": "admin.logentry", "pk": 2, "fields": {"action_time": "2024-05-02T19:22:01.266Z", "user": 2, "content_type": 14, "object_id": "1", "object_repr": "Fiction", "action_flag": 1, "change_message": "[{\"added\": {}}]"}}, {"model": "admin.logentry", "pk": 3, "fields": {"action_time": "2024-05-02T19:23:17.667Z", "user": 2, "content_type": 15, "object_id": "1", "object_repr": "Lost ina good book", "action_flag": 1, "change_message": "[{\"added\": {}}]"}}, {"model": "admin.logentry", "pk": 4, "fields": {"action_time": "2024-05-02T19:23:44.624Z", "user": 2, "content_type": 13, "object_id": "1", "object_repr": "Jasper Fforde", "action_flag": 1, "change_message": "[{\"added\": {}}]"}}, {"model": "admin.logentry", "pk": 5, "fields": {"action_time": "2024-05-02T19:23:56.683Z", "user": 2, "content_type": 16, "object_id": "1", "object_repr": "BookAuthor object (1)", "action_flag": 1, "change_message": "[{\"added\": {}}]"}}, {"model": "admin.logentry", "pk": 6, "fields": {"action_time": "2024-05-03T08:28:42.176Z", "user": 2, "content_type": 15, "object_id": "1", "object_repr": "Lost in a good book", "action_flag": 2, "change_message": "[{\"changed\": {\"fields\": [\"User\", \"Description\"]}}]"}}, {"model": "admin.logentry", "pk": 7, "fields": {"action_time": "2024-05-03T08:29:30.767Z", "user": 2, "content_type": 15, "object_id": "1", "object_repr": "Lost in a good book", "action_flag": 2, "change_message": "[]"}}, {"model": "admin.logentry", "pk": 8, "fields": {"action_time": "2024-05-03T13:11:34.600Z", "user": 2, "content_type": 14, "object_id": "1", "object_repr": "Fiction", "action_flag": 2, "change_message": "[{\"changed\": {\"fields\": [\"Description\"]}}]"}}, {"model": "admin.logentry", "pk": 9, "fields": {"action_time": "2024-05-03T13:12:05.767Z", "user": 2, "content_type": 14, "object_id": "2", "object_repr": "Non-Fiction", "action_flag": 1, "change_message": "[{\"added\": {}}]"}}, {"model": "admin.logentry", "pk": 10, "fields": {"action_time": "2024-05-03T13:12:42.829Z", "user": 2, "content_type": 14, "object_id": "3", "object_repr": "Young Adult (YA)", "action_flag": 1, "change_message": "[{\"added\": {}}]"}}, {"model": "admin.logentry", "pk": 11, "fields": {"action_time": "2024-05-03T13:13:04.136Z", "user": 2, "content_type": 14, "object_id": "4", "object_repr": "Children’s Books", "action_flag": 1, "change_message": "[{\"added\": {}}]"}}, {"model": "admin.logentry", "pk": 12, "fields": {"action_time": "2024-05-03T13:13:20.608Z", "user": 2, "content_type": 14, "object_id": "5", "object_repr": "Fantasy", "action_flag": 1, "change_message": "[{\"added\": {}}]"}}, {"model": "admin.logentry", "pk": 13, "fields": {"action_time": "2024-05-03T13:13:38.427Z", "user": 2, "content_type": 14, "object_id": "6", "object_repr": "Horror", "action_flag": 1, "change_message": "[{\"added\": {}}]"}}, {"model": "admin.logentry", "pk": 14, "fields": {"action_time": "2024-05-03T13:13:52.899Z", "user": 2, "content_type": 14, "object_id": "7", "object_repr": "Historical", "action_flag": 1, "change_message": "[{\"added\": {}}]"}}, {"model": "admin.logentry", "pk": 15, "fields": {"action_time": "2024-05-03T13:14:21.621Z", "user": 2, "content_type": 15, "object_id": "4", "object_repr": "La Nilsson", "action_flag": 2, "change_message": "[{\"changed\": {\"fields\": [\"Genre\", \"Description\"]}}]"}}, {"model": "admin.logentry", "pk": 16, "fields": {"action_time": "2024-05-03T13:15:35.618Z", "user": 2, "content_type": 15, "object_id": "3", "object_repr": "Lost in a good book", "action_flag": 2, "change_message": "[{\"changed\": {\"fields\": [\"Description\"]}}]"}}, {"model": "admin.logentry", "pk": 17, "fields": {"action_time": "2024-05-03T15:28:10.905Z", "user": 2, "content_type": 17, "object_id": "1", "object_repr": "adminscroll", "action_flag": 1, "change_message": "[{\"added\": {}}]"}}, {"model": "auth.permission", "pk": 1, "fields": {"name": "Can add log entry", "content_type": 1, "codename": "add_logentry"}}, {"model": "auth.permission", "pk": 2, "fields": {"name": "Can change log entry", "content_type": 1, "codename": "change_logentry"}}, {"model": "auth.permission", "pk": 3, "fields": {"name": "Can delete log entry", "content_type": 1, "codename": "delete_logentry"}}, {"model": "auth.permission", "pk": 4, "fields": {"name": "Can view log entry", "content_type": 1, "codename": "view_logentry"}}, {"model": "auth.permission", "pk": 5, "fields": {"name": "Can add permission", "content_type": 2, "codename": "add_permission"}}, {"model": "auth.permission", "pk": 6, "fields": {"name": "Can change permission", "content_type": 2, "codename": "change_permission"}}, {"model": "auth.permission", "pk": 7, "fields": {"name": "Can delete permission", "content_type": 2, "codename": "delete_permission"}}, {"model": "auth.permission", "pk": 8, "fields": {"name": "Can view permission", "content_type": 2, "codename": "view_permission"}}, {"model": "auth.permission", "pk": 9, "fields": {"name": "Can add group", "content_type": 3, "codename": "add_group"}}, {"model": "auth.permission", "pk": 10, "fields": {"name": "Can change group", "content_type": 3, "codename": "change_group"}}, {"model": "auth.permission", "pk": 11, "fields": {"name": "Can delete group", "content_type": 3, "codename": "delete_group"}}, {"model": "auth.permission", "pk": 12, "fields": {"name": "Can view group", "content_type": 3, "codename": "view_group"}}, {"model": "auth.permission", "pk": 13, "fields": {"name": "Can add user", "content_type": 4, "codename": "add_user"}}, {"model": "auth.permission", "pk": 14, "fields": {"name": "Can change user", "content_type": 4, "codename": "change_user"}}, {"model": "auth.permission", "pk": 15, "fields": {"name": "Can delete user", "content_type": 4, "codename": "delete_user"}}, {"model": "auth.permission", "pk": 16, "fields": {"name": "Can view user", "content_type": 4, "codename": "view_user"}}, {"model": "auth.permission", "pk": 17, "fields": {"name": "Can add content type", "content_type": 5, "codename": "add_contenttype"}}, {"model": "auth.permission", "pk": 18, "fields": {"name": "Can change content type", "content_type": 5, "codename": "change_contenttype"}}, {"model": "auth.permission", "pk": 19, "fields": {"name": "Can delete content type", "content_type": 5, "codename": "delete_contenttype"}}, {"model": "auth.permission", "pk": 20, "fields": {"name": "Can view content type", "content_type": 5, "codename": "view_contenttype"}}, {"model": "auth.permission", "pk": 21, "fields": {"name": "Can add session", "content_type": 6, "codename": "add_session"}}, {"model": "auth.permission", "pk": 22, "fields": {"name": "Can change session", "content_type": 6, "codename": "change_session"}}, {"model": "auth.permission", "pk": 23, "fields": {"name": "Can delete session", "content_type": 6, "codename": "delete_session"}}, {"model": "auth.permission", "pk": 24, "fields": {"name": "Can view session", "content_type": 6, "codename": "view_session"}}, {"model": "auth.permission", "pk": 25, "fields": {"name": "Can add site", "content_type": 7, "codename": "add_site"}}, {"model": "auth.permission", "pk": 26, "fields": {"name": "Can change site", "content_type": 7, "codename": "change_site"}}, {"model": "auth.permission", "pk": 27, "fields": {"name": "Can delete site", "content_type": 7, "codename": "delete_site"}}, {"model": "auth.permission", "pk": 28, "fields": {"name": "Can view site", "content_type": 7, "codename": "view_site"}}, {"model": "auth.permission", "pk": 29, "fields": {"name": "Can add email address", "content_type": 8, "codename": "add_emailaddress"}}, {"model": "auth.permission", "pk": 30, "fields": {"name": "Can change email address", "content_type": 8, "codename": "change_emailaddress"}}, {"model": "auth.permission", "pk": 31, "fields": {"name": "Can delete email address", "content_type": 8, "codename": "delete_emailaddress"}}, {"model": "auth.permission", "pk": 32, "fields": {"name": "Can view email address", "content_type": 8, "codename": "view_emailaddress"}}, {"model": "auth.permission", "pk": 33, "fields": {"name": "Can add email confirmation", "content_type": 9, "codename": "add_emailconfirmation"}}, {"model": "auth.permission", "pk": 34, "fields": {"name": "Can change email confirmation", "content_type": 9, "codename": "change_emailconfirmation"}}, {"model": "auth.permission", "pk": 35, "fields": {"name": "Can delete email confirmation", "content_type": 9, "codename": "delete_emailconfirmation"}}, {"model": "auth.permission", "pk": 36, "fields": {"name": "Can view email confirmation", "content_type": 9, "codename": "view_emailconfirmation"}}, {"model": "auth.permission", "pk": 37, "fields": {"name": "Can add social account", "content_type": 10, "codename": "add_socialaccount"}}, {"model": "auth.permission", "pk": 38, "fields": {"name": "Can change social account", "content_type": 10, "codename": "change_socialaccount"}}, {"model": "auth.permission", "pk": 39, "fields": {"name": "Can delete social account", "content_type": 10, "codename": "delete_socialaccount"}}, {"model": "auth.permission", "pk": 40, "fields": {"name": "Can view social account", "content_type": 10, "codename": "view_socialaccount"}}, {"model": "auth.permission", "pk": 41, "fields": {"name": "Can add social application", "content_type": 11, "codename": "add_socialapp"}}, {"model": "auth.permission", "pk": 42, "fields": {"name": "Can change social application", "content_type": 11, "codename": "change_socialapp"}}, {"model": "auth.permission", "pk": 43, "fields": {"name": "Can delete social application", "content_type": 11, "codename": "delete_socialapp"}}, {"model": "auth.permission", "pk": 44, "fields": {"name": "Can view social application", "content_type": 11, "codename": "view_socialapp"}}, {"model": "auth.permission", "pk": 45, "fields": {"name": "Can add social application token", "content_type": 12, "codename": "add_socialtoken"}}, {"model": "auth.permission", "pk": 46, "fields": {"name": "Can change social application token", "content_type": 12, "codename": "change_socialtoken"}}, {"model": "auth.permission", "pk": 47, "fields": {"name": "Can delete social application token", "content_type": 12, "codename": "delete_socialtoken"}}, {"model": "auth.permission", "pk": 48, "fields": {"name": "Can view social application token", "content_type": 12, "codename": "view_socialtoken"}}, {"model": "auth.permission", "pk": 49, "fields": {"name": "Can add author", "content_type": 13, "codename": "add_author"}}, {"model": "auth.permission", "pk": 50, "fields": {"name": "Can change author", "content_type": 13, "codename": "change_author"}}, {"model": "auth.permission", "pk": 51, "fields": {"name": "Can delete author", "content_type": 13, "codename": "delete_author"}}, {"model": "auth.permission", "pk": 52, "fields": {"name": "Can view author", "content_type": 13, "codename": "view_author"}}, {"model": "auth.permission", "pk": 53, "fields": {"name": "Can add genre", "content_type": 14, "codename": "add_genre"}}, {"model": "auth.permission", "pk": 54, "fields": {"name": "Can change genre", "content_type": 14, "codename": "change_genre"}}, {"model": "auth.permission", "pk": 55, "fields": {"name": "Can delete genre", "content_type": 14, "codename": "delete_genre"}}, {"model": "auth.permission", "pk": 56, "fields": {"name": "Can view genre", "content_type": 14, "codename": "view_genre"}}, {"model": "auth.permission", "pk": 57, "fields": {"name": "Can add book", "content_type": 15, "codename": "add_book"}}, {"model": "auth.permission", "pk": 58, "fields": {"name": "Can change book", "content_type": 15, "codename": "change_book"}}, {"model": "auth.permission", "pk": 59, "fields": {"name": "Can delete book", "content_type": 15, "codename": "delete_book"}}, {"model": "auth.permission", "pk": 60, "fields": {"name": "Can view book", "content_type": 15, "codename": "view_book"}}, {"model": "auth.permission", "pk": 61, "fields": {"name": "Can add book author", "content_type": 16, "codename": "add_bookauthor"}}, {"model": "auth.permission", "pk": 62, "fields": {"name": "Can change book author", "content_type": 16, "codename": "change_bookauthor"}}, {"model": "auth.permission", "pk": 63, "fields": {"name": "Can delete book author", "content_type": 16, "codename": "delete_bookauthor"}}, {"model": "auth.permission", "pk": 64, "fields": {"name": "Can view book author", "content_type": 16, "codename": "view_bookauthor"}}, {"model": "auth.permission", "pk": 65, "fields": {"name": "Can add profile", "content_type": 17, "codename": "add_profile"}}, {"model": "auth.permission", "pk": 66, "fields": {"name": "Can change profile", "content_type": 17, "codename": "change_profile"}}, {"model": "auth.permission", "pk": 67, "fields": {"name": "Can delete profile", "content_type": 17, "codename": "delete_profile"}}, {"model": "auth.permission", "pk": 68, "fields": {"name": "Can view profile", "content_type": 17, "codename": "view_profile"}}, {"model": "auth.user", "pk": 1, "fields": {"password": "pbkdf2_sha256$720000$QCyjJRlOyYYHRhb0pK8djz$j1u24G5yTDmpytt21gkANwau3EX/67EaJul33+HANB4=", "last_login": "2024-05-02T18:55:36.681Z", "is_superuser": true, "username": "admin", "first_name": "", "last_name": "", "email": "", "is_staff": true, "is_active": true, "date_joined": "2024-05-02T18:55:21.857Z", "groups": [], "user_permissions": []}}, {"model": "auth.user", "pk": 2, "fields": {"password": "pbkdf2_sha256$720000$x5VUYYDbaCHfAlnkuBorXO$KB79ZWA8rPEcoZru/MfB3wCmIo/eGExhFVlhf7n0HVg=", "last_login": "2024-05-04T09:08:31.701Z", "is_superuser": true, "username": "adminscroll", "first_name": "", "last_name": "", "email": "jaqika@gmail.com", "is_staff": true, "is_active": true, "date_joined": "2024-05-02T19:08:16.727Z", "groups": [], "user_permissions": []}}, {"model": "auth.user", "pk": 3, "fields": {"password": "pbkdf2_sha256$720000$HemmiuUPoPPXne2AnRkvFf$czI0WAs2jWjl+wdZ2faiNeXrleRa04DzADWQE380r40=", "last_login": "2024-05-03T12:56:47.443Z", "is_superuser": false, "username": "helen", "first_name": "", "last_name": "", "email": "", "is_staff": false, "is_active": true, "date_joined": "2024-05-02T19:18:45.806Z", "groups": [], "user_permissions": []}}, {"model": "contenttypes.contenttype", "pk": 1, "fields": {"app_label": "admin", "model": "logentry"}}, {"model": "contenttypes.contenttype", "pk": 2, "fields": {"app_label": "auth", "model": "permission"}}, {"model": "contenttypes.contenttype", "pk": 3, "fields": {"app_label": "auth", "model": "group"}}, {"model": "contenttypes.contenttype", "pk": 4, "fields": {"app_label": "auth", "model": "user"}}, {"model": "contenttypes.contenttype", "pk": 5, "fields": {"app_label": "contenttypes", "model": "contenttype"}}, {"model": "contenttypes.contenttype", "pk": 6, "fields": {"app_label": "sessions", "model": "session"}}, {"model": "contenttypes.contenttype", "pk": 7, "fields": {"app_label": "sites", "model": "site"}}, {"model": "contenttypes.contenttype", "pk": 8, "fields": {"app_label": "account", "model": "emailaddress"}}, {"model": "contenttypes.contenttype", "pk": 9, "fields": {"app_label": "account", "model": "emailconfirmation"}}, {"model": "contenttypes.contenttype", "pk": 10, "fields": {"app_label": "socialaccount", "model": "socialaccount"}}, {"model": "contenttypes.contenttype", "pk": 11, "fields": {"app_label": "socialaccount", "model": "socialapp"}}, {"model": "contenttypes.contenttype", "pk": 12, "fields": {"app_label": "socialaccount", "model": "socialtoken"}}, {"model": "contenttypes.contenttype", "pk": 13, "fields": {"app_label": "scroll_core", "model": "author"}}, {"model": "contenttypes.contenttype", "pk": 14, "fields": {"app_label": "scroll_core", "model": "genre"}}, {"model": "contenttypes.contenttype", "pk": 15, "fields": {"app_label": "scroll_core", "model": "book"}}, {"model": "contenttypes.contenttype", "pk": 16, "fields": {"app_label": "scroll_core", "model": "bookauthor"}}, {"model": "contenttypes.contenttype", "pk": 17, "fields": {"app_label": "scroll_core", "model": "profile"}}, {"model": "sessions.session", "pk": "36az2pmxwqg4uprdi2q9m28ixlxjrhqk", "fields": {"session_data": ".eJxlUMtOwzAQ_Jc9R1EcP5sj934BQtHa3mBDa1exI0BV_50YeincVjsPzcwV0Lm8pTrjVgOlGh3WmNN8phqyLzA9X-H3hgkuWMpHXj10gBUmpplQWhsle85Hrg4dbIXWhGfayYFOlOD20sGP99ygOTYbDg8_i-6dUgP8G6bX3Luc6hpt3yj9HS39MXs6Pd25DwYBS2hqvqdBzfRCngY9KC8NH6xgoxRWOmaF8W5g2hBJK4QW3hIeFu8U45KNS2v1fwzy85-uYlTacL5HKFRKG4s-L3H9gmm4fQN4Vm4t:1s2c4k:0Vyw056Q_NoQFXraUGoQeknPNB0wCUKCN3LKer2iBVI", "expire_date": "2024-05-16T19:26:38.997Z"}}, {"model": "sessions.session", "pk": "eou2i717meixnq245clh20dkvh6st0wn", "fields": {"session_data": ".eJxlkEFuhDAMRe_iNUIJhCSw7H5OUFXIOJ6SFpIRCWqr0dy9pJ3NtDvL__nb31dAoriHPOKeZw7ZE2Yfw7hynqNLMDxf4beGAS6Y0kfcHFSAGQZppLJCSitq2RptTQV74i3gygeMbvUh0RaXBW4vFfxsGAsw-mLWwENvQnrnUAT3huE11hRD3vxUF6S-q6k-RcfL0519MJgxzce0NMYp7FmRMQaxk2pCJ3tBUk-oRWsNkyZtO20tm65Tsj9LQySa6dz3jSrZ_r-E3fgncdu1jbLHBYlTKh_jz4vfvmAQt28HiG_n:1s387Z:I33dmZRPpJfReMusBTREY-xWVpw9fbqmtBUFF-Wb-CY", "expire_date": "2024-05-18T05:39:41.948Z"}}, {"model": "sessions.session", "pk": "lhlt553jevirvd97huxdhbfpa8ltz0tt", "fields": {"session_data": ".eJxtkMtOxDAMRf_F66pK0zzaLtnzBQhVTuLQAE1GTSpmNJp_p4HZDGJn-Vwd2fcKaG3aY5lxLwvFEiyWkOK8UlmSyzC9XOF3hglOmPNX2hw0gAWmTndCadX1qlVsHPkwNLBn2iKudKTRrSHC7bWBH_lc0Ryqp4OHnUH7QbEC947xLbU2xbIF09ZIe6e5fU6OPp_u2QfBgnmpWkMcjeVSeT7S4LjQrtekhPWS2dEdxCkjey876xkJRdxLLrz0AzOC1av-aYPc_PfZUbNBiOOETDnXtuh8CtsFJnb7Bv9Kbr0:1s2bai:bCSjfPyzwy7IDfpufXedy03f_qaEQqoTKxtvVlt0DIA", "expire_date": "2024-05-16T18:55:36.964Z"}}, {"model": "sessions.session", "pk": "pie1kx6glqscc24ci8cjlshl43fzftfe", "fields": {"session_data": "e30:1s3BR0:a_euTCZa9jncndTnMEQGz3j95p-2K2knvLJiYQuRmcA", "expire_date": "2024-05-18T09:11:58.168Z"}}, {"model": "sessions.session", "pk": "ygck2lovdbrfssa9p2jvy012cht3wywx", "fields": {"session_data": ".eJxlkMFugzAMht_FZ4QICYFw3L1PME3ISZyRDZKKBLVT1Xcf2XrpdrP8f_7t3zdAY-Ie8oR7nilkbzD7GKaV8hxtgvH1Br81jHDGlC5xs1ABZhhZz0QvhRxY3XGhGKtgT7QFXOmA0a4-JLPFZYH7WwU_G6YCTL6YtfDU02g-KRTBfmB4j7WJIW9e1wWpH2qqT9HS8vJgnwxmTPMxzSwpVE53iriTndNS8EEwZE1vGqGccka1JIQxEjs-KGlVT7bVzknNmWYl2_-XkJ3-JJYdZ7JtjxMSpVReRtez375gbO7f1JtxIQ:1s2yeH:2h6XUrZE_fDrCjBt-1L7mmrqDr9sH5D6zRk-ch9P738", "expire_date": "2024-05-17T19:32:49.156Z"}}, {"model": "sessions.session", "pk": "zmfqxunxpy7ey3sx7fnbvbdhv2508ak0", "fields": {"session_data": ".eJxlkEFuxCAMRe_idRSFQCBk2f2coKoiA6ahncAoELXVaO7e0M5m2p3l__zt7yugtWmPZca9LBRLsFhCivNKZUkuw_R8hd8aJrhgzh9pc9AAFpiYYmJkXDHWDkoJ3qkG9kxbxJUOGt0aYrZbOp_h9tLAz4q5AnOobj089Azad4pVcG8YX1NrUyxbMG1F2rua21NydH66sw8GC-blmGaONGpvBk3cy8EbKfgoGLJO2U5or73VPQlhrcSBj1o6rcj1xntpODOshvv_E3Lzn8iKjVIM_DghU871Z_R5CdsXTN3tGx5lcU4:1s3BNg:-c8RJoDnUL0M_2v2N3nZKJV1bK-bB7A3YdBXgS8RfzM", "expire_date": "2024-05-18T09:08:32.633Z"}}, {"model": "sites.site", "pk": 1, "fields": {"domain": "example.com", "name": "example.com"}}, {"model": "scroll_core.genre", "pk": 1, "fields": {"name": "Fiction", "description": "This includes several sub-genres like mystery, romance, thriller, and science fiction."}}, {"model": "scroll_core.genre", "pk": 2, "fields": {"name": "Non-Fiction", "description": "This genre covers biographies, self-help, cookbooks, and history books."}}, {"model": "scroll_core.genre", "pk": 3, "fields": {"name": "Young Adult (YA)", "description": "YA books are targeted towards teenagers but are also widely read by adults. They often cover themes like friendship, first love, and identity."}}, {"model": "scroll_core.genre", "pk": 4, "fields": {"name": "Children’s Books", "description": "These include picture books and early readers. They are important for engaging young children and encouraging early literacy."}}, {"model": "scroll_core.genre", "pk": 5, "fields": {"name": "Fantasy", "description": "Encompasses books that feature magical or supernatural elements that are not existent in the real world."}}, {"model": "scroll_core.genre", "pk": 6, "fields": {"name": "Horror", "description": "Focuses on creating frightening or disturbing atmospheres for the reader."}}, {"model": "scroll_core.genre", "pk": 7, "fields": {"name": "Historical", "description": "Fictional stories that are set in the past, often during significant historical events."}}, {"model": "scroll_core.author", "pk": 1, "fields": {"first_name": "Jasper", "middle_name": null, "last_name": "Fforde"}}, {"model": "scroll_core.author", "pk": 2, "fields": {"first_name": "Bernhard", "middle_name": null, "last_name": "Schlink"}}, {"model": "scroll_core.author", "pk": 3, "fields": {"first_name": "Jasper", "middle_name": null, "last_name": "Fforde"}}, {"model": "scroll_core.author", "pk": 4, "fields": {"first_name": "Birgit", "middle_name": null, "last_name": "Nilsson"}}, {"model": "scroll_core.author", "pk": 5, "fields": {"first_name": "Joseph", "middle_name": null, "last_name": "Conrad"}}, {"model": "scroll_core.author", "pk": 6, "fields": {"first_name": "Kerstin", "middle_name": null, "last_name": "Ljungqvist"}}, {"model": "scroll_core.author", "pk": 7, "fields": {"first_name": "Kerstin", "middle_name": null, "last_name": "Ljungqvist"}}, {"model": "scroll_core.author", "pk": 8, "fields": {"first_name": "Kerstin", "middle_name": null, "last_name": "Ljungqvist"}}, {"model": "scroll_core.author", "pk": 9, "fields": {"first_name": "Bob", "middle_name": null, "last_name": "Kane"}}, {"model": "scroll_core.author", "pk": 10, "fields": {"first_name": "Steven", "middle_name": null, "last_name": "Pressfield"}}, {"model": "scroll_core.author", "pk": 11, "fields": {"first_name": "Steven", "middle_name": null, "last_name": "Pressfield"}}, {"model": "scroll_core.author", "pk": 12, "fields": {"first_name": "Steven", "middle_name": null, "last_name": "Pressfield"}}, {"model": "scroll_core.author", "pk": 13, "fields": {"first_name": "Sidonie-Gabrielle", "middle_name": null, "last_name": "Colette"}}, {"model": "scroll_core.author", "pk": 14, "fields": {"first_name": "TestA01", "middle_name": "TestB01", "last_name": "TestC01"}}, {"model": "scroll_core.author", "pk": 15, "fields": {"first_name": "TestA02", "middle_name": "TestB02", "last_name": "TestC02"}}, {"model": "scroll_core.author", "pk": 16, "fields": {"first_name": "TestA03", "middle_name": null, "last_name": "TestC03"}}, {"model": "scroll_core.author", "pk": 17, "fields": {"first_name": "John", "middle_name": null, "last_name": "Irving"}}, {"model": "scroll_core.author", "pk": 18, "fields": {"first_name": "Stefan", "middle_name": null, "last_name": "Ahnhem"}}, {"model": "scroll_core.author", "pk": 19, "fields": {"first_name": "J.", "middle_name": "K.", "last_name": "Rowling"}}, {"model": "scroll_core.author", "pk": 20, "fields": {"first_name": "Mary", "middle_name": null, "last_name": "Shelley"}}, {"model": "scroll_core.author", "pk": 21, "fields": {"first_name": "George", "middle_name": "R.R.", "last_name": "Martin"}}, {"model": "scroll_core.author", "pk": 22, "fields": {"first_name": "Atul", "middle_name": null, "last_name": "Gawande"}}, {"model": "scroll_core.author", "pk": 23, "fields": {"first_name": "agda", "middle_name": "agdaagda", "last_name": "agdason"}}, {"model": "scroll_core.book", "pk": 1, "fields": {"title": "Lost in a good book", "slug": "lost-ina-good-book", "publication_year": 2002, "isbn": "9780142004036", "user": 2, "genre": 1, "added_at": "2024-05-02T19:23:16.555Z", "updated_at": "2024-05-02T19:23:16.555Z", "deleted_at": "2024-05-02T19:23:16.555Z", "description": "If Thursday thought she could avoid the spotlight after her heroic escapades in the pages of Jane Eyre, she was sorely mistaken. The unforgettable literary detective whom Michiko Kakutani of The New York Times calls part Bridget Jones, part Nancy Drew and part Dirty Harry; had another think coming. The love of her life has been eradicated by Goliath, everyone's favorite corrupt multinational. To rescue him Thursday must retrieve a supposedly vanquished enemy from the pages of \"The Raven\". But Poe is off-limits to even the most seasoned literary interloper. Enter a professional: the man-hating Miss Havisham from Dickens's Great Expectations. As her new apprentice, Thursday keeps her motives secret as she learns the ropes of Jurisfiction, where she moonlights as a Prose Resource Operative inside books. As if jumping into the likes of Kafka, Austen, and Beatrix Potter's Tale of the Flopsy Bunnies weren't enough, Thursday finds herself the target of a series of potentially lethal coincidences, the authenticator of a newly discovered play by the Bard himself, and the only one who can prevent an unidentifiable pink sludge from engulfing all life on Earth.", "image": "image/upload/v1714726352/scroll_core/book_cover_images/gptpb8k3shvyr3kxqw9q.webp", "image_alt": "Book cover"}}, {"model": "scroll_core.book", "pk": 2, "fields": {"title": "The Reader", "slug": "the-reader", "publication_year": 1999, "isbn": "978-0375707971", "user": 2, "genre": 1, "added_at": "2024-05-03T08:27:33.752Z", "updated_at": "2024-05-03T08:27:33.752Z", "deleted_at": "2024-05-03T08:27:33.752Z", "description": "When he falls ill on his way home from school, fifteen-year-old Michael Berg is rescued by Hanna, a woman twice his age. In time she becomes his lover - then she inexplicably disappears. When Michael next sees her, he is a young law student, and she is on trial for a hideous crime. As he watches her refuse to defend her innocence, Michael gradually realizes that Hanna may be guarding a secret she considers more shameful than murder.", "image": "image/upload/v1714726385/scroll_core/book_cover_images/pllv9wm96gxklne58shn.webp", "image_alt": "Book cover"}}, {"model": "scroll_core.book", "pk": 3, "fields": {"title": "Lost in a good book", "slug": "lost-in-a-good-book", "publication_year": 2002, "isbn": "9780340824672", "user": 3, "genre": 1, "added_at": "2024-05-03T08:33:54.766Z", "updated_at": "2024-05-03T08:33:54.766Z", "deleted_at": "2024-05-03T08:33:54.766Z", "description": "<p>If Thursday thought she could avoid the spotlight after her heroic escapades in the pages of Jane Eyre, she was sorely mistaken. The unforgettable literary detective whom Michiko Kakutani of The New York Times calls part Bridget Jones, part Nancy Drew and part Dirty Harry; had another think coming. The love of her life has been eradicated by Goliath, everyone&#39;s favorite corrupt multinational. To rescue him Thursday must retrieve a supposedly vanquished enemy from the pages of &quot;The Raven&quot;. But Poe is off-limits to even the most seasoned literary interloper. Enter a professional: the man-hating Miss Havisham from Dickens&#39;s Great Expectations. As her new apprentice, Thursday keeps her motives secret as she learns the ropes of Jurisfiction, where she moonlights as a Prose Resource Operative inside books. As if jumping into the likes of Kafka, Austen, and Beatrix Potter&#39;s Tale of the Flopsy Bunnies weren&#39;t enough, Thursday finds herself the target of a series of potentially lethal coincidences, the authenticator of a newly discovered play by the Bard himself, and the only one who can prevent an unidentifiable pink sludge from engulfing all life on Earth.</p>", "image": "image/upload/v1714725235/scroll_core/book_cover_images/a9ki9rljgaz0wbih4ftt.webp", "image_alt": "Book cover"}}, {"model": "scroll_core.book", "pk": 4, "fields": {"title": "La Nilsson", "slug": "la-nilsson", "publication_year": 1995, "isbn": "9789170548765", "user": 2, "genre": 2, "added_at": "2024-05-03T08:43:01.038Z", "updated_at": "2024-05-03T08:43:01.038Z", "deleted_at": "2024-05-03T08:43:01.038Z", "description": "Birgit Nilsson is the farmer's daughter from Västra Karup in Sk&aring;ne who made her debut as an opera singer in the early 1940s. She was an immediate success and the world's opera stages soon opened up to her and she soon became the world's most celebrated Wagnerian soprano. Record companies fought to immortalize one of the greatest voices of the century. Birgit Nilsson's memoirs are her own description of a career that combines outstanding artistic success with broad popularity. With narrative joy and wit, she recalls memories of her fantastic life: gala performances, world stages, colleagues, conductors, intrigues, fans. Birgit Nilsson managed to combine two extremes in her career. She became unattainable as a world star - and popular as a person Translated with DeepL.com (free version)", "image": "image/upload/https://res.cloudinary.com/dsbcjtatz/image/upload/v1714578907/scroll_core/book_cover_images/default-book-cover_t2lyio.webp", "image_alt": "Book cover"}}, {"model": "scroll_core.book", "pk": 5, "fields": {"title": "Heart of Darkness", "slug": "heart-of-darkness", "publication_year": 1995, "isbn": "9781853262401", "user": 2, "genre": 1, "added_at": "2024-05-03T08:52:07.613Z", "updated_at": "2024-05-03T08:52:07.613Z", "deleted_at": "2024-05-03T08:52:07.613Z", "description": "Generally regarded as the pre-eminent work of Conrad's shorter fiction, Heart of Darkness is a chilling tale of horror which, as the author intended, is capable of many interpretations. Set in the Congo during the period of rapid colonial expansion in the 19th century, the story deals with the highly disturbing effects of economic, social and political exploitation of European and African societies and the cataclysmic behaviour this induced in some individuals.", "image": "image/upload/v1714726328/scroll_core/book_cover_images/ee73pwseez5fyxppdj7v.webp", "image_alt": "Book cover"}}, {"model": "scroll_core.book", "pk": 6, "fields": {"title": "Nyttans växter: uppslagsbok med över tusen växter : historik om svensk medicinalväxtodling", "slug": "nyttans-vaxter", "publication_year": 2022, "isbn": "9789152722596", "user": 2, "genre": 2, "added_at": "2024-05-03T09:09:47.052Z", "updated_at": "2024-05-03T09:09:47.052Z", "deleted_at": "2024-05-03T09:09:47.052Z", "description": "Boken \"Nyttans växter\" utforskar växternas mångsidiga användning genom historien för mat, medicin, kläder och andra praktiska ändamål i Norden. Verket beskriver omkring 1400 växter, inklusive träd, buskar, örter och alger, deras folktro och historiska betydelse. Boken är organiserad alfabetiskt efter svenska växtnamn och inkluderar speciella sektioner som förklarar relevanta termer och grupperar växter efter deras användningsområden, såsom medicinska egenskaper eller material för hantverk. Författaren Kerstin Ljungqvist, med bakgrund som lärare och entreprenör, har även illustrerat och publicerat boken själv.", "image": "image/upload/v1714727659/scroll_core/book_cover_images/c18cnp0d0nz46ze2ljyr.jpg", "image_alt": "Book cover"}}, {"model": "scroll_core.book", "pk": 7, "fields": {"title": "The greatest Batman Stories ever told", "slug": "the-greatest-batman-stories-ever-told", "publication_year": 1988, "isbn": "0930289358", "user": 2, "genre": 1, "added_at": "2024-05-03T09:29:07.689Z", "updated_at": "2024-05-03T09:29:07.689Z", "deleted_at": "2024-05-03T09:29:07.689Z", "description": "Twenty-six classic Batman tales spanning the entire 50 years of the Caped Crusader's history in comics is included in this collection. Full-color illustrations.", "image": "image/upload/v1714728548/scroll_core/book_cover_images/i0v2uyeeq940hzbgqd2g.jpg", "image_alt": "Book cover"}}, {"model": "scroll_core.book", "pk": 10, "fields": {"title": "Gates of Fire : An Epic Novel of the Battle of Thermopylae", "slug": "gates-of-fire-an-epic-novel-of-the-battle-of-thermopylae", "publication_year": 2000, "isbn": "9780553812169", "user": 2, "genre": 1, "added_at": "2024-05-03T10:39:08.699Z", "updated_at": "2024-05-03T10:39:08.699Z", "deleted_at": "2024-05-03T10:39:08.699Z", "description": "Go tell the Spartans, stranger passing by, that here, obedient to their laws, we lie. Nearly 2,500 years ago, in 480BC, at a bleak pass in a far-flung corner of eastern Greece, three hundred Spartan warriors faced the army of Xerxes of Persia, a massive force rumoured to be over a million strong. Their orders were simple: to delay the enemy for as long as possible while the main Greek armies mobilized. For six days the Spartans held the invaders at bay. In the final hours - their shields broken, swords and spears shattered - they fought with their bare hands before being overwhelmed. It was battle that would become synonymous with extraordinary courage, heroism and self-sacrifice: it was Thermopylae. In Gates of Fire, Steven Pressfield tells the epic story of those legendary Spartans: the men and women who helped shaped our history and have themselves become as immortal as their gods.", "image": "image/upload/v1714732749/scroll_core/book_cover_images/a6iusgmldprka5vptzb7.jpg", "image_alt": "Book cover"}}, {"model": "scroll_core.book", "pk": 11, "fields": {"title": "Varieté, Mitsou, Chéri", "slug": "variete-mitsou-cheri", "publication_year": 1920, "isbn": "9176428710", "user": 2, "genre": 1, "added_at": "2024-05-03T13:50:10.611Z", "updated_at": "2024-05-03T13:50:10.611Z", "deleted_at": "2024-05-03T13:50:10.611Z", "description": "VARITÉ was Colette's own favorite book. We meet Renée who, after an unhappy marriage, seeks a free life as an artist. But a new man enters her life, wealthy and sincerely in love.\r\n\r\nMITSOU - the bittersweet story of a young actress, Mitsou, who falls madly in love with a handsome lieutenant. The glitter and light of the Parisian world of variety is presented in a hectic and intense way against the serious background of the First World War.\r\n\r\nCHÉRI is about the middle-aged Christian Lea's love for a much younger man - a great and lasting passion that deeply affects both Lea and her lover.\r\n\r\nTranslated with DeepL.com (free version)", "image": "image/upload/v1714744211/scroll_core/book_cover_images/xepkje7u6m8v3blbsebt.webp", "image_alt": "Book cover"}}, {"model": "scroll_core.book", "pk": 12, "fields": {"title": "TestBook01", "slug": "testbook01", "publication_year": 1000, "isbn": "123-4567891234", "user": 2, "genre": 4, "added_at": "2024-05-03T13:55:44.237Z", "updated_at": "2024-05-03T13:55:44.237Z", "deleted_at": "2024-05-03T13:55:44.237Z", "description": "This is the description for TestBook01", "image": "image/upload/https://res.cloudinary.com/dsbcjtatz/image/upload/v1714578907/scroll_core/book_cover_images/default-book-cover_t2lyio.webp", "image_alt": "Book cover"}}, {"model": "scroll_core.book", "pk": 13, "fields": {"title": "TestBook02", "slug": "testbook02", "publication_year": 1900, "isbn": "123-4567891235", "user": 2, "genre": 3, "added_at": "2024-05-03T13:56:46.621Z", "updated_at": "2024-05-03T13:56:46.621Z", "deleted_at": "2024-05-03T13:56:46.621Z", "description": "This is the description for TestBook02", "image": "image/upload/https://res.cloudinary.com/dsbcjtatz/image/upload/v1714578907/scroll_core/book_cover_images/default-book-cover_t2lyio.webp", "image_alt": "Book cover"}}, {"model": "scroll_core.book", "pk": 14, "fields": {"title": "TestBook03", "slug": "testbook03", "publication_year": 2020, "isbn": "123-4567891236", "user": 2, "genre": 6, "added_at": "2024-05-03T13:58:38.077Z", "updated_at": "2024-05-03T13:58:38.077Z", "deleted_at": "2024-05-03T13:58:38.077Z", "description": "This is the description for TestBook03", "image": "image/upload/https://res.cloudinary.com/dsbcjtatz/image/upload/v1714578907/scroll_core/book_cover_images/default-book-cover_t2lyio.webp", "image_alt": "Book cover"}}, {"model": "scroll_core.book", "pk": 15, "fields": {"title": "The Hotel New Hampshire", "slug": "the-hotel-new-hampshire", "publication_year": 1981, "isbn": "9780525128007", "user": 2, "genre": 4, "added_at": "2024-05-03T14:03:26.792Z", "updated_at": "2024-05-03T14:03:26.792Z", "deleted_at": "2024-05-03T14:03:26.792Z", "description": "John, the middle son in an eccentric family with five children, one bear, and a dog named Sorrow, describes growing up in a hotel", "image": "image/upload/v1714745023/scroll_core/book_cover_images/bwnz47cycwphyd4xz0i0.jpg", "image_alt": "Book cover"}}, {"model": "scroll_core.book", "pk": 16, "fields": {"title": "The Ninth Grave: A Fabian Risk Nove", "slug": "the-ninth-grave-a-fabian-risk-nove", "publication_year": 2017, "isbn": "978-1250103208", "user": 2, "genre": 1, "added_at": "2024-05-03T14:29:50.842Z", "updated_at": "2024-05-03T14:29:50.842Z", "deleted_at": "2024-05-03T14:29:50.842Z", "description": "On a cold winter evening, the Swedish minister of justice disappears without a trace from the short walk between the house of Parliament and his car. At the same time the wife of a famous Danish TV-star is found brutally murdered in her luxury home north of Copenhagen. Soon more bodies are discovered, all missing different body parts. As criminal investigator Fabian Risk and Danish counterpart Dunja Hougaard race to put the pieces together, they are dragged into a conspiracy worse than anyone could imagine.", "image": "image/upload/v1714746591/scroll_core/book_cover_images/iub2nk19ts3r12yftkeg.jpg", "image_alt": "Book cover"}}, {"model": "scroll_core.book", "pk": 17, "fields": {"title": "Harry Potter and the Philosopher's Stone", "slug": "harry-potter-and-the-philosophers-stone", "publication_year": 1997, "isbn": "978-0747532743", "user": 2, "genre": 3, "added_at": "2024-05-03T14:36:33.437Z", "updated_at": "2024-05-03T14:36:33.437Z", "deleted_at": "2024-05-03T14:36:33.437Z", "description": "A young boy discovers he is a wizard and attends Hogwarts School of Witchcraft and Wizardry.", "image": "image/upload/v1714747731/scroll_core/book_cover_images/shgfxxizo8xftongcdfv.jpg", "image_alt": "Book cover"}}, {"model": "scroll_core.book", "pk": 18, "fields": {"title": "Frankenstein", "slug": "frankenstein", "publication_year": 1818, "isbn": "978-0486282114", "user": 2, "genre": 6, "added_at": "2024-05-03T14:40:18.898Z", "updated_at": "2024-05-03T14:40:18.898Z", "deleted_at": "2024-05-03T14:40:18.898Z", "description": "A young scientist creates a grotesque but sentient creature in an unorthodox scientific experiment.", "image": "image/upload/v1714747219/scroll_core/book_cover_images/jkot6jcj5lrmvjorkewx.jpg", "image_alt": "Book cover"}}, {"model": "scroll_core.book", "pk": 19, "fields": {"title": "A Game of Thrones", "slug": "a-game-of-thrones", "publication_year": 1996, "isbn": "978-0553103540", "user": 2, "genre": 5, "added_at": "2024-05-03T14:41:56.457Z", "updated_at": "2024-05-03T14:41:56.457Z", "deleted_at": "2024-05-03T14:41:56.457Z", "description": "The first book in the A Song of Ice and Fire series, known for its complex plot and detailed character development.", "image": "image/upload/v1714747660/scroll_core/book_cover_images/lwqxv5ovdlgotyyetecv.jpg", "image_alt": "Book cover"}}, {"model": "scroll_core.book", "pk": 20, "fields": {"title": "Being Mortal: Medicine and What Matters in the End", "slug": "being-mortal-medicine-and-what-matters-in-the-end", "publication_year": 2014, "isbn": "978-1781253946", "user": 2, "genre": 2, "added_at": "2024-05-03T14:46:03.975Z", "updated_at": "2024-05-03T14:46:03.975Z", "deleted_at": "2024-05-03T14:46:03.975Z", "description": "Addresses end-of-life care, the use of medicine, and how medicine can not only improve life but also the process of its ending.", "image": "image/upload/v1714747576/scroll_core/book_cover_images/ixwf67a2c3queefqnpx3.jpg", "image_alt": "Book cover"}}, {"model": "scroll_core.book", "pk": 21, "fields": {"title": "agdatest", "slug": "agdatest", "publication_year": 2021, "isbn": "254-2365145987", "user": 2, "genre": 1, "added_at": "2024-05-03T19:32:47.668Z", "updated_at": "2024-05-03T19:32:47.668Z", "deleted_at": "2024-05-03T19:32:47.668Z", "description": "testing agda name save", "image": "image/upload/v1714764768/scroll_core/book_cover_images/f9xrscvdmhwxv9taiea4.jpg", "image_alt": "Book cover"}}, {"model": "scroll_core.bookauthor", "pk": 1, "fields": {"book": 1, "author": 1}}, {"model": "scroll_core.bookauthor", "pk": 2, "fields": {"book": 2, "author": 2}}, {"model": "scroll_core.bookauthor", "pk": 3, "fields": {"book": 3, "author": 3}}, {"model": "scroll_core.bookauthor", "pk": 4, "fields": {"book": 4, "author": 4}}, {"model": "scroll_core.bookauthor", "pk": 5, "fields": {"book": 5, "author": 5}}, {"model": "scroll_core.bookauthor", "pk": 6, "fields": {"book": 6, "author": 8}}, {"model": "scroll_core.bookauthor", "pk": 7, "fields": {"book": 7, "author": 9}}, {"model": "scroll_core.bookauthor", "pk": 9, "fields": {"book": 10, "author": 12}}, {"model": "scroll_core.bookauthor", "pk": 10, "fields": {"book": 11, "author": 13}}, {"model": "scroll_core.bookauthor", "pk": 11, "fields": {"book": 12, "author": 14}}, {"model": "scroll_core.bookauthor", "pk": 12, "fields": {"book": 13, "author": 15}}, {"model": "scroll_core.bookauthor", "pk": 13, "fields": {"book": 14, "author": 16}}, {"model": "scroll_core.bookauthor", "pk": 14, "fields": {"book": 15, "author": 17}}, {"model": "scroll_core.bookauthor", "pk": 15, "fields": {"book": 16, "author": 18}}, {"model": "scroll_core.bookauthor", "pk": 16, "fields": {"book": 17, "author": 19}}, {"model": "scroll_core.bookauthor", "pk": 17, "fields": {"book": 18, "author": 20}}, {"model": "scroll_core.bookauthor", "pk": 18, "fields": {"book": 19, "author": 21}}, {"model": "scroll_core.bookauthor", "pk": 19, "fields": {"book": 20, "author": 22}}, {"model": "scroll_core.bookauthor", "pk": 20, "fields": {"book": 21, "author": 23}}, {"model": "scroll_core.profile", "pk": 1, "fields": {"user": 2, "avatar": "image/upload/v1714750090/scroll_core/user_profile_images/yljxktlebmghzaikydzv.jpg", "bio": "I consider myself an avid reader, but in recent months, my free time has been consumed by learning how to think like a coder, how to plan, how to approach problems, and how to solve them. It's fun but exhausting, so I haven't had time for reading lately. \r\n\r\nI do hope that I will have the opportunity to make use of this code-creation of mine!"}}]